Question,Answer
1. What is the name of the new vision foundation model introduced in the paper?,Florence-2
2. What is the main objective of the Florence-2 model?,To perform a diversity of tasks with simple instructions and handle the complexity of various spatial hierarchy and semantic granularity.
3. How does the Florence-2 model take user instructions?,The Florence-2 model takes text-prompt as task instructions.
4. What is the output format of the tasks that the Florence-2 model can handle?,"The output format of the tasks that the Florence-2 model can handle is text forms, whether it be captioning, object detection, grounding or segmentation."
5. Which annotation process do you use to generate large-scale high-quality annotated data for the multi-task learning setup in the paper?,"The annotation process used in the paper is not mentioned, so there is no answer for this question."
1. What is the shift in AGI systems towards?,"Pretrained, versatile representations."
2. In which domain does this trend exist?,This trend exists in natural language processing (NLP).
3. Can you explain how advanced models show adaptability with comprehensive knowledge spanning various domains?,"Advanced models in NLP have shown adaptability by utilizing pretrained, versatile representations that can span various domains and applications."
4. What are some examples of advanced models in NLP?,"Some examples of advanced models in NLP include those mentioned in the input text: [5, 6, 19, 43, 65, 66]."
1. What is visual grounding?,"Answer: Visual grounding is a task in computer vision that requires handling intricate visual data like object location, masked contours, and attributes. It involves discerning spatial details across varying scales and understanding imagelevel concepts and fine-grained pixel specifics."
2. What is object detection?,"Answer: Object detection is a task in computer vision that involves locating objects within an image. It requires identifying the presence of objects and their locations, which can be useful for tasks such as tracking and recognition."
3. What is regional proposal?,Answer: Regional proposal is a task in object detection that involves suggesting regions of interest (ROIs) within an image that are likely to contain objects. It helps to improve the efficiency and accuracy of object detection by focusing on the most promising regions.
4. What is segmentation?,"Answer: Segmentation is a task in computer vision that involves dividing an image into smaller, more meaningful parts. It can be used for tasks such as object recognition, image compression, and image segmentation."
5. What is phrase segmentation?,Answer: Phrase segmentation is
1. What is the challenge associated with this pursuit?,"The challenge associated with this pursuit is the scarcity of comprehensive visual annotations, which hinders the development of a foundational model capable of capturing the intricate nuances of spatial hierarchy and semantic granularity."
2. Why are existing datasets not suitable for this pursuit?,"Existing datasets, such as ImageNet [18], COCO [48], and Flickr30k Entities [61], tailored for specialized applications, are extensively labeled by humans. However, they are not suitable for this pursuit because they are not comprehensive and do not capture the intricate nuances of spatial hierarchy and semantic granularity."
3. What is the solution to overcome the constraint mentioned in the text?,The solution to overcome the constraint mentioned in the text is to generate extensive annotations for each image on a larger scale. This will enable the development of a foundational model capable of capturing the intricate nuances of spatial hierarchy and semantic granularity.
1. What is the constraint mentioned in the input text?,It is imperative to generate extensive annotations for each image on a larger scale.
2. What is another challenge mentioned in the input text?,The absence of a unified pretraining framework with a singular network architecture that seamlessly integrates spatial hierarchy and semantic granularity in computer vision.
3. What are some tasks that traditional models excel in according to the input text?,"Traditional models excel in tasks like object detection, semantic segmentation, and image captioning."
4. What is essential to develop according to the input text?,"It is essential to develop a comprehensive, unified model that is capable of adapting across various vision tasks in a task-agnostic manner, even accommodating new tasks with minimal or no task-specific finetuning."
5. What does the model Florence pioneer in computer vision according to the input text?,"The model Florence pioneers the integration of spatial, temporal, and multi-modal aspects in computer vision through unified pre-training and network architecture."
1. What is the main challenge addressed by the paper?,The paper addresses the dual key challenges of limited comprehensive data and the absence of a unified architecture in pre-training with noisy text-image pairs and task-specific fine-tuning using specialized adapters.
2. How does the paper propose to address these challenges?,"The paper proposes to address these challenges through the introduction of Florence-2, a universal backbone achieved through multitask learning with extensive visual annotations. This results in a unified, prompt-based representation for diverse vision tasks."
3. What is multitask learning?,"Multitask learning is a method that involves training a single model to perform multiple related tasks simultaneously. In this paper, it is used to achieve a universal backbone for diverse vision tasks through the use of extensive visual annotations."
4. How does the data engine work?,"The data engine in the paper consists of two efficient processing modules. The first module uses specialized models to collaboratively and autonomously generate a comprehensive visual dataset called FLD-5B, encompassing a total of 5.4B annotations for 126"
1) What is the main function of the first module?,The main function of the first module is to collaboratively and autonomously annotate images using specialized models.
2) How does the second module refine and filter the automated annotations?,The second module refines and filters the automated annotations using well-trained foundational models.
3) What is the underlying structure of the model employed in the study?,The underlying structure of the model employed in the study is a sequence-to-sequence (seq2seq) architecture which integrates an image encoder and a multi-modality encoder-decoder.
4) How does the model accommodate different vision tasks?,"The model accommodates a spectrum of vision tasks without the need for task-specific architectural modifications, by utilizing a consistent underlying structure."
5) What is the source of the dataset used in the study?,The source of the dataset used in the study is FLD-5B.
1. What is the objective of Florence-2?,"The objective of Florence-2 is to perform a variety of tasks such as object detection, captioning, and grounding within a single model governed by a uniform set of parameters."
2. How does task activation in Florence-2 achieved?,"Task activation in Florence-2 is achieved through textual prompts, reflecting the approach used by Large Language Models (LLMs)."
3. What are the key results of using Florence-2?,"Key results of using Florence-2 include new state-of-the-art zero-shot performance in tasks such as captioning on COCO, visual grounding on Flick30k, and referring expression comprehension on RefCOCO/+/g. After fine-tuning with public human-annotated data, the performance improves significantly."
1) What is the name of the model that was fine-tuned with public human-annotated data?,Answer: Florence-2
2) On which benchmarks did the fine-tuned Florence-2 establish new state-of-the-art results?,Answer: RefCOCO/+/g
3) What is the performance improvement achieved by the pre-trained Florence-2 backbone on downstream tasks compared to supervised and self-supervised models?,"Answer: Compared to pre-trained models on ImageNet, our model improves training efficiency by 4× and achieves substantial improvements of 6.9, 5.5, and 5.9 points on COCO [48] and ADE20K [9K ["
1. What does the image describe?,The image describes a woman riding a bike.
"2. What is the polygon mask of region (0.41, 0.15, 0.63, 0.73)?","The polygon mask of region (0.41, 0.15, 0.63, 0.73) represents the shape of the woman riding a bike."
"2) What is the polygon mask of region (0.41, 0.15, 0.63, 0.73)?","1) Describe the image shown in the input text using the polygon mask of region (0.41, 0.15, 0.63, 0.73)."
3) Who is shown riding a red bicycle on a road with a red car in the background car in the person in the image in the background in the background car in the car in the person in the car in the person in the background in the background?,car in the background color car in the background car in the background car in the person in the background car in the background car in the background car in the
1. What is the focus of the input text?,The focus of the input text is on innovative pre-training strategies for image understanding that overcome single-task limitations and integrate both textual and visual semantics.
2. What are the core aspects of image understanding addressed by the approach?,"The core aspects of image understanding addressed by the approach include capturing multiple levels of granularity, from global semantics to local details, and comprehending spatial relationships between objects and entities in their semantic context."
3. How does the approach address these core aspects of image understanding?,The approach addresses these core aspects of image understanding by incorporating a diverse set of annotations that effectively capture visual understanding nuances and bridge the gap between vision and language understanding.
4. What are the multitask learning objectives formulated in the input text?,"The multitask learning objectives formulated in the input text are comprehensive, tailored to address specific aspects of visual comprehension, such as spatial hierarchy and semantic granularity. These objectives align with predefined criteria and are inspired by recent research on multitask learning."
1. What is the input text about?,The input text is about developing a multitask learning framework that learns to handle different levels of detail and semantic understanding in image and text recognition.
2. What are the three learning objectives of this foundation model?,"The three learning objectives of this foundation model are locating the image regions that correspond to the text phrases, capturing the local details of visual entities and their semantic contexts, and understanding the interactions between textual and visual elements."
3. How does the strategic alignment in this foundation model enable it to deal with various spatial details?,The strategic alignment in this foundation model enables it to deal with various spatial details by learning a universal representation for vision understanding that can handle different levels of detail and semantic understanding.
1. What is the learning paradigm used by Florence-2 for various vision tasks?,The learning paradigm used by Florence-2 for various vision tasks is sequence-to-sequence learning.
2. How does Florence-2 integrate all tasks under a common language modeling objective?,Florence-2 integrates all tasks under a common language modeling objective by employing a sequence-to-sequence learning paradigm and using a transformer-based multi-modal encoder-decoder to generate the response.
3. What is the input of the model in Florence-2?,The input of the model in Florence-2 is images coupled with task-prompt as task instructions.
4. What are the output forms generated by Florence-2?,The outputs generated by Florence-2 are in text forms.
1. What is text-specific prompt?,"Text-specific prompt refers to a type of task-specific prompt that requires plain text as input without special formatting. In this case, the output response will also be in plain text format."
2. What is region-specific prompt?,"Region-specific prompt refers to a type of task-specific prompt that involves adding location tokens to the tokenizer's vocabulary list and representing regions using tailored formats. These formats are specific to the requirements of the task, such as box or quad box representation."
1. What is the purpose of adding location tokens to the model?,"Adding location tokens to the model enables the model to process region-specific information in a unified learning format, eliminating the need for task-specific heads and allowing for a more data-centric approach."
2. How does the vision encoder work?,The vision encoder processes an input image I into flattened visual token embeddings V using DaViT [20].
3. What is the purpose of the multi-modality encoder decoder?,The purpose of the multi-modality encoder decoder is not explicitly stated in the given text.
1. What is the input to the multi-modality encoder module?,"The input to the multi-modality encoder module is a concatenation of vision token embeddings and prompt embeddings, i.e., [V′, Tprompt], where V′ ∈ RNv×D is obtained by applying a linear projection and LayerNorm layer for dimensionality alignment and Tprompt ∈ RNt×D is obtained by using the extended language tokenizer and word embedding layer."
2. What is the optimization objective used to train the model?,"The optimization objective used to train the model is standard language modeling with cross-entropy loss, which aims to minimize the log probability of the target tokens given the input and the context, i.e., logPθ(yi|y<i, x)."
3. What kind of dataset is required to train the Florence-2 model?,To train the Florence-
1. What is the total number of images in the dataset after filtering?,The total number of images in the dataset after filtering is 126 million.
2. What are the three main annotation categories in the data annotation workflow?,"The three main annotation categories in the data annotation workflow are text, region-text pairs, and text-phraseregion triplets."
3. How many phases does the data annotation workflow consist of?,"The data annotation workflow consists of three essential phases: initial annotation employing specialist models, data filtering, and an iterative process for data refinement."
4. What is the objective of the data annotation workflow?,The primary objective of the data annotation workflow is to generate comprehensive annotations that can support multitask learning effectively.
1. What is the purpose of using specialist models in initial annotation?,The purpose of using specialist models in initial annotation is to initiate the annotation process for each annotation type and obtain synthetic labels from them. These specialist models are specifically tailored to excel in annotating their respective annotation types.
2. What are synthetic labels obtained from specialist models?,Synthetic labels obtained from specialist models are labels generated by the specialist models using offline models trained on a diverse range of publicly available datasets and online services hosted on cloud platforms. These labels are specifically tailored to excel in annotating their respective annotation types.
3. How do we merge pre-existing annotations with synthetic labels?,"In cases where certain image datasets already contain partial annotations for some annotation types, we merge the pre-existing annotations with the synthetic labels generated by the specialist models. This approach enhances the coverage and diversity of the annotations."
4. What is region-text annotation?,Region-text annotation is a type of annotation where bounding boxes and corresponding categories are human-annotated in the Object 3
1) What is the main focus of the text?,The main focus of the text is on the challenges posed by small-sized datasets in obtaining high-performance specialist models for certain annotation types and the initial annotation procedures to ensure comprehensive labeling of a dataset of 126 million images.
2) What are the data types that the general filtering protocol focuses on?,"The general filtering protocol focuses on two data types in the annotations, which are text and region data."
3) How is noise and imprecision addressed in the initial annotations obtained from specialist models?,"To address noise and imprecision in the initial annotations obtained from specialist models, a multifaceted filtering process has been implemented to refine and eliminate undesired annotations."
1. What is the main focus of the text?,"The main focus of the text is on developing a parsing tool based on SpaCy to extract objects, attributes, and actions from texts and images."
2. How do you filter out texts containing excessive objects?,Texts containing excessive objects are filtered out by measuring their degree of node in the dependency parsing tree.
3. What is the purpose of retaining texts with a certain minimum action and object complexity?,Texts with a certain minimum action and object complexity are retained to ensure the richness of visual concepts in the images.
4. How do you remove noisy bounding boxes under a confidence score threshold?,Noisy bounding boxes are removed by setting a confidence score threshold.
5. What is the purpose of non-maximum suppression?,Non-maximum suppression is employed to reduce redundant or overlapping bounding boxes.
6. How do you train the multitask model?,The multitask model is trained using the filtered initial annotations.
1. What is the main objective of the multitask model?,The main objective of the multitask model is to process sequences of data.
2. How does the model improve its predictions?,The model improves its predictions by incorporating updated annotations and subjecting itself to another training iteration in a cyclical refinement process.
3. What are alt-texts?,Alt-texts refer to additional text descriptions of images that are used as input for the multitask model.
4. How does using pre-trained models improve performance?,"Using pre-trained models can improve performance by leveraging the iteratively trained model for pre-training purposes and subsequent fine-tuning with the sparse dataset, resulting in superior performance compared to a model trained from scratch on the same data."
1. What is the main purpose of using a specialist in this context?,* The main purpose of using a specialist in this context is to ensure comprehensive annotation coverage for an expansive dataset comprising 126 million images.
2. What are the three types of granularities in text annotations?,"* The three types of granularities in text annotations are brief, detailed, and more detailed."
3. Which model is used for the brief text annotation?,* A Florence-2 model is trained as the specialist for the brief text annotation.
4. What is the purpose of training a specialist for image caption and imagetext datasets?,* The purpose of training a specialist for image caption and imagetext datasets is to create an image-to-text model for initial annotation.
1. What are the text datasets used for creating an image-to-text model for initial annotations?,No information given in input.
2. How is noise minimized in these texts during iterative refinement process?,No information given in input.
3. What types of prompts are fed to large language models (LLMs) or large multimodal models (LMMs)?,Prompts include existing image annotations like the brief text and region-text annotations.
4. What is the purpose of fine-tuning the caption specialist?,Fine-tuning the caption specialist helps in developing a detailed description specialist for further annotations.
5. What are region-text pairs used for?,Region-text pairs provide descriptive textual annotation for semantic regions in the image.
1. What is the main goal of this process?,The main goal of this process is to generate textual annotations for visual object regions in a richer understanding of a region.
2. How are the text regions and visual object regions labeled?,"Text regions are labeled using Azure AI Services’ OCR API, while visual objects are initially labeled with a DINO object detector trained on public datasets."
3. What is used for data filtering?,Data filtering in this process includes confidence thresholding and non-maximum suppression to remove noisy boxes.
4. How are the textual annotations for visual object regions enriched?,The textual annotations for visual object regions are further enriched by brief text generated from an image-to-text model with cropped image regions.
5. What is the role of the Florence-1 model in this process?,The Florence-1 model determines the most similar textual annotation to each image region.
1. What is text-phrase-region triplets?,"A. Text-phrase-region triplets is a data format that consists of a descriptive text of an image, noun phrases in this text related to image objects, and region annotations for these objects. This text includes brief, detailed, and more detailed text generated earlier. For each text, the Grounding DINO model identifies noun phrases and creates bounding boxes for them. Additionally, the SAM model generates segmentation masks for each box, offering more precise object localization. During data filtering, a confidence score threshold is applied to both noun phrases and bounding boxes to ensure relevance. A blacklist is also used to exclude irrelevant noun phrases like pronouns and abstract concepts."
- What are the components of text-phrase-region triplets?,"A. Text-phrase-region triplets consists of a descriptive text of an image, noun phrases in this text related to image objects, and region annotations for these objects. The text includes brief, detailed, and more detailed text generated earlier. For each text, the Grounding DINO model identifies n"
1. What is the purpose of this section?,The purpose of this section is to provide an overview of the FLD-5B training dataset that was built with the recent works.
2. How many images are in the training set?,There are 126 million images in the FLD-5B training set.
3. What types of annotations are included in the training set?,"Each image is annotated with text, region-text pairs, and text-phrase-region triplets. Each annotation type has multiple instances varying in diverse granularity."
4. Can you provide a comparison between your data set and existing data sets?,"Yes, the FLD-5B training dataset has several advantages over previous ones, such as having more annotations in total and per image, and spanning multiple levels of spatial and semantic coverage."
5. What is an illustrative example of an image and its corresponding annotations?,An illustrative example of an image and its corresponding annotations can be found in Figure 4.
1. What are the annotations in your data set?,"The annotations in our data set span multiple levels of spatial and semantic granularity, which allows for more diverse and comprehensive visual understanding tasks."
2. How many text annotations are there in your dataset?,There are around 500M text annotations in our dataset.
"3. What is the difference between brief, detailed, and more detailed texts?","The brief text has a similar length to COCO captions, while the detailed and more detailed texts have 4x and 9x number of tokens compared with the brief text, respectively."
4. What are the image level annotations in your dataset?,There are less granular (image level) and more granular (image level) region-text pairs annotations in our dataset.
5. What is the difference between less granular and more granular region-level annotations?,"Less granular (region level) annotations are less specific, while more granular (more granular (more granular (more granular (image background objects and more granular annotations are more granular ("
1. What is the color of the hat the person is wearing?,The person is wearing a black hat.
2. Is there another person in front of the person riding the bike?,"Yes, there is another person riding another bicycle in front of her."
3. What date is visible in the bottom right corner of the image?,"The date ""9/22/2023"" is visible in the bottom right corner of the image."
4. Is the road lined with trees on both sides?,"Yes, the road is lined with trees on both sides."
5. What is the color of the car in the background of the image?,The color of the car in the background of the image is not mentioned in the given text.
6. Is the person wearing a backpack on her back while riding the bike?,"Yes,"
1. What is the task of FLD-5B dataset?,"The task of FLD-5B dataset is to provide comprehensive visual understanding from diverse perspectives by annotating each image with text, region-text pairs, and text-phrase-region triplets using multiple spatial hierarchies, brief-to-detailed progressive granularity, and a wide semantics spectrum."
2. What are the spatial hierarchies covered in FLD-5B dataset?,The spatial hierarchies covered in FLD-
1. What is the size of the Flamingo dataset in megabytes?,A. 137M
2. What is the level of granularity of the Flamingo images and regions?,A. Fine-grained
3. How many annotations does the Flamingo dataset have?,A. Annotated with either a phrase or a relatively longer brief text.
4. What is the average number of regions per image in the Flamingo dataset?,"A. On average, each image has around 5 regions."
126M-1289M: What is your brief?,Answer: 235M
126M-245M: How many detailed statistics are you providing?,Answer: 7.95
126M-Detailed: What is your detailed information?,Answer: 1007M
126M-More detailed: What is your more detailed information?,Answer: 70.53
126M-Table 2: What are the annotation statistics of FLD-5B dataset for semantic coverage?,"Answer: SpaCy and DiHT are the used methods for tokenization and parsing respectively,"
1. What are semantic elements?,"Semantic elements refer to specific concepts or ideas within a piece of text. These can include things like objects, actions, events, or more abstract concepts like emotions or themes."
2. How do the complexity measurements increase with the inclusion of more details in text annotations?,The complexity measurements increase with the inclusion of more details in text annotations because adding more specific and detailed information can help to clarify and distinguish between different elements within a piece of text.
3. What is the significance of the boost in average actions compared to brief text?,"The boost in average actions compared to brief text highlights the limitations of traditional brief text annotations in describing image actions. Detailed and more detailed text can provide much more specific and nuanced information about what is happening within an image, which can be particularly useful for tasks like action recognition or tracking."
4. Why does the increment in proper nouns not show a significant increase compared to other semantic elements?,The increment in proper nouns may not show a significant increase compared to other semantic elements because specialists often describe objects more generally than using specific proper nouns
1. What is the topic of the input text?,The topic of the input text appears to be about image concepts and experiments related to learning a universal image representation using generalist models.
2. What is the content of Figure 5b?,"Figure 5b illustrates the log-format distribution of aspect ratios for region-text pairs and textphrase-region triplets, covering a wide range of aspect ratios."
3. What is the center bias observed in heatmaps of the box center for each annotation type?,"In Figures 5c and 5d, the heatmaps show a center bias, with region-text pairs displaying a more uniform distribution than text-phraseregion triplets."
4. What are the three main parts of the experiments conducted in the input text?,"The three main parts of the experiments conducted in the input text are: (1) evaluating the zero-shot performance of the method on various tasks, (2) showing the adaptability of the method by further training one single generalist model with additional supervised data on a wide range of tasks, and (3) achieving."
1. What is the pre-training method used in this research paper?,"The pre-training method used in this research paper is not explicitly stated. However, it is mentioned that the learned visual representation on the backbone is used to show the superiority of their method over previous approaches. It may"
1. What is the number of effective training samples used for high-resolution tuning?,The number of effective training samples used for high-resolution tuning is 0.5 billion for the base model and 0.1 billion for the large model.
2. What is the zero-shot performance of Florence-2-L on the COCO caption benchmark?,The zero-shot performance of Florence-2-L on the COCO caption benchmark is a 135.6 CIDEr score.
3. How does Florence-2-L perform on region-level grounding and referring expression comprehension tasks in zero-shot evaluation?,"Florence-2-L establishes a new record in zero-shot performance by achieving an improvement of 5.7 in Flickr30k Recall@1, and approximately 1, and approximately 1, and approximately 1, and approximately 1 and approximately 1, and approximately 1 and approximately 1 and approximately 1, and approximately 1 and approximately 1 and approximately 1 and approximately 1, and approximately @1. Additionally, and approximately 1,"
1) What is the improvement percentage of the Florence-2 model on Refcoco compared to the Kosmos-2 model?,The Florence-2 model shows an 8% absolute improvement on Refcoco compared to the Kosmos-2 model.
2) What is the mIOU score of the Florence-2 model in the Refcoco referring expression segmentation (RES) task?,The Florence-2 model attains a 35.8% mIOU score in the Refcoco referring expression segmentation (RES) task.
3) What is the versatility and effectiveness of the Florence-2 model as a vision foundation?,"The Florence-2 model demonstrates strong performance with standard multi-task design, making it a versatile and effective vision foundation that can be transferred to various downstream tasks."
4) How does the dataset collection for fine-tuning Florence-2 models work?,"Details of the dataset collection for fine-tuning Florence-2 models are provided in Appendix B. The dataset collection covers imagelevel,"
1. What is Florence-2-L?,"Florence-2-L is a method that demonstrates strong performance with standard multimodality Transformer encoder-decoder without special designs, particularly for region-level and pixel-level tasks."
2. How does Florence-2-L outperform PolyFormer on both RefCOCO REC task and RES task?,"Florence-2-L outperforms PolyFormer on both RefCOCO REC task and RES task by 3.0 Accuracy@0.5 and 3.54 mIOU respectively, where PolyFormer adapts specifically designed regression-based prediction head for coordinates."
3. What is the performance of Florence-2-L on RefCOCO REC task?,Florence-2-L outperforms previous SOTA method UNINEXT UNINext a method UNINEXT UNINEXT method UNINEXT method UNINEXT method UNINEXT method UNINEXT
1. What is the caption karpathy test split?,Answer: 30
1. What is the name of the model being discussed in this input?,The name of the model being discussed in this input is Florence-2.
2. How many specialist models were fine-tuned for captioning and VQA tasks?,"It is not specified how many specialist models were fine-tuned for captioning and VQA tasks. However, it is mentioned that there are specialist models that"
1. What is the focus of the input text?,The focus of the input text is on highlighting the superiority of Florence-2 pre-training over previous approaches for object detection and segmentation tasks.
2. What is the base size model used in the experiments?,The base size model used in the experiments is about 80M parameters.
3. Which methods are used for object detection and instance segmentation?,Mask R-CNN and DINO are used for object detection and instance segmentation.
4. On which splits of COCO dataset are experiments conducted?,Experiments are conducted on the train2017 split and val2017 split of the COCO dataset.
5. How is multi-scale training done for Mask R-CNN experiments?,"For Mask R-CNN experiments, multi-scale training is done using a standard 1× (12 epochs) schedule with a learning rate stepped down at the 67% and 890."
1. What is the performance improvement achieved by DaViT-B model over previous best base model (ConvNext v2-B)?,"Answer: The DaViT-B model pre-trained by Florence-2 surpasses the previous best base model (ConvNext v2-B), which is pre-trained by FCMAE [81], by 0.7 APb using Mask RCNN."
2. How many epochs does ConvNeXt v2-B leverage to achieve its performance?,Answer: ConvNeXt v2-B leverages a 3× schedule (36 epochs) to achieve its performance.
3. What is the training efficiency achieved by our model with Florence-2 pre-training compared to the model with supervised ImageNet-1k pre-training?,Answer: Our model with Florence-2 pre-training achieves 4x training efficiency and a
1. What is the input text about?,The input text is about a comparison of object detection and fine-based study of object detection task where various object detection model performances of object detection method for object detection experiment between Mask-based study of object detection methodology of object detection performance of object detection experiment of object detection model results of object detection experiment of object detection method for object detection experiment of object detection task for object detection and analysis of different machine learning experiments performed between Mask-based evaluation of object detection method used in object detection model.
1. What is the input size for models with BEiT pre-trained?,Answer: The input size for models with BEiT pre-trained is 640 × 640.
2. How many effective samples were optimized for pre-training?,"Answer: All models were optimized for the same number of effective samples, which is 72M."
3. What are the four downstream tasks used for transferring the pre-trained models?,Answer: The four downstream tasks used for transferring the pre-trained models are COCOCOCOCOCOCOCOCOCOCOCOCOCOCOCOCOCOCOCOCOCOCOCO
1. What is the level of image annotation?,"The level of image annotation refers to how specific or detailed the information being extracted from an image is. It can be at image level, image and region level, and image, region, and pixel level."
2. How do we evaluate the transfer learning performance of these models on four downstream tasks?,"We evaluate the transfer learning performance of these models on four downstream tasks: COCO caption, COCO object detection, Flickr30k grounding, and Refcoco referring segmentation."
3. What is the most effective base model for transfer learning across various computer vision tasks?,The RES (Region-based Convolutional Encoder-Decoder) model shows strong performance on all four downstream tasks we evaluated and consistently outperforms the Image-level Model and matches or matches or matches or matches or matches or matches or matches or matches or matches or matches or matches or matches or matches or matches or matches or matches or matches or matches or matches or matches or matches or matches or matches or matches or matches or matches or matches or matches or matches or matches or matches or matches or matches or matches or matches or matches
1. What is the purpose of increasing model capacity in zero-shot performance?,A. To investigate the impact of increasing model capacity on zero-shot performance on various downstream tasks in computer vision.
2. What are the two models compared in the experiment?,"A. Florence-2-B and Florence-2-L, which have 232M and 771M parameters, respectively."
3. How is zero-shot performance affected by the scale of pre-training data?,"A. Zero-shot performance on various computer vision tasks is affected by the scale of pre-training data. Experiments were conducted using four different data sizes for pre-training: 0.12M, 0.36M, 1.2M, and 12M images."
1. What is the performance across downstream tasks in computer vision?,The performance of pre-training models in handling a variety of downstream tasks in computer vision can be improved by investing in larger pre-training datasets.
2. How does your approach to scaling data compare with relying solely on human annotations?,"Our approach to scaling data using model inference is significantly more efficient than relying solely on human annotations, as most of the annotation generation is performed using specialized models. This reduces time and cost associated with manual annotation efforts, which often involve labor-intensive processes and may be subject to human errors or inconsistencies."
3. What is the difference between V Pre and V Pre L?,"V Pre and V Pre L likely refer to different pre-training models or stages of the training process for a vision encoder model. Without more context, it is difficult to determine the exact differences between these terms."
4. What is the impact of larger data on performance?,Investing in larger pre-training datasets can provide a more effective and versatile foundation for handling a wide range of downstream tasks in
1. What is the main objective of this strategy?,"Answer: The main objective of this strategy is to accelerate the pretraining process, optimize model performance, and effectively manage the ever-increasing demand for labeled data in the field of computer vision."
2. Which components of the model are being analyzed in terms of basic model training settings?,"Answer: The two primary components of the model, namely the vision encoder and the multi-modality encoder-decoder, are being analyzed in terms of basic model training settings."
3. What is observed when freezing the vision encoders?,"Answer: Freezing the vision encoders does not affect the performance on tasks that require image-level understanding, but it significantly degrades the performance on tasks that require region-level or pixel-level understanding (e.g., AP on COCO object detection drops from 19.7 to 6.9)."
4. What are the main focus areas of previous methods for pre-training vision foundation models?,Answer: Previous methods for pre-training vision foundation models mainly focus on image-level tasks such as image classification and
1) Which may not provide them with sufficient region-level and pixel-level skills for downstream tasks?,The pre-trained vision backbone may not provide them with sufficient region-level and pixel-level skills for downstream tasks.
2) Why is it important to unfreeze the vision backbone?,"It is important to unfreeze the vision backbone, enabling it to learn region-level and pixel-level features for various downstream tasks."
3) How does language pre-training weights affect multimodal encoder-decoder tasks?,"The effect of language pre-training weights on multimodal encoder-decoder tasks varies depending on the task. Tasks that require more text understanding, such as captioning and grounding, benefit slightly from using language pre-training weights (e.g., COCO caption, Flickr30k grounding). Tasks that are mostly vision-focused, such as object detection and region segmentation, do not gain much from using language pre-training weights (for COCO object detection, the gain is only 0"
1. What is the main focus of the given input text?,Answer: The main focus of the given input text is on further extending image-text data to more downstream tasks and discussing different techniques for fusing vision and language embeddings in a multi-modality decoder approach.
2. What are the downstream tasks that have been extended to using large-scale image-text data?,Answer: Object detection is one of the downstream tasks that has been extended to using large-scale image-text data.
3. How does GIT [78] propose fusing vision and language embeddings?,Answer: GIT [78] proposes fusing vision and language embeddings by concatenating vision and text tokens as decoder input and designing a casual attention mask.
4. What are the pre-training objectives of CoCa [92]?,Answer: The pre-training objectives of CoCa [92] are language modeling.
5. How does Flamingo [2] propose fusing vision and language embeddings in their approach?,Answer: Flamingo Flamingo Flamingo Flamingo Flamingo Flaming
1. What is the main research in vision tasks?,"Some research attempts to formulate more vision tasks in a unified sequence-to-sequence learning paradigm, including object detection and image segmentation. Customized special tokens accommodate representations beyond pure text, such as bounding boxes."
2. What approach does the method use for pre-training and downstream tasks?,"The method uses the same architecture for pre-training and downstream tasks, potentially using the same set of weights for all tasks."
3. What is the goal of the proposed method?,The proposed method aims to obtain foundation models that understand dense information beyond simple image-level captions.
4. Which design is used in the proposed method?,"The proposed method shares the same encoder-decoder design as other multi-modality encoder-decoder models adapted for sequence-to-sequence learning, but uses built large-scale comprehensive annotation data instead of combining existing sparse annotated data."
5. What kind of information is the proposed method designed to understand?,The proposed method is designed to obtain foundation models dense information beyond simple image-designed
1. What are the types of annotations available in comprehensive vision datasets?,"Comprehensive vision datasets integrate various types of annotations such as text, region-text pairs and text-phrase-region triplets."
2. Why are human verification costs high for comprehensive vision datasets?,Human verification costs are high for comprehensive vision datasets because they require a lot of manual labeling and annotation which is time consuming and expensive.
3. How have vision datasets scaled up over the past decade?,Vision datasets have rapidly scaled up from thousands to millions over the past decade due to advances in computer vision technology and increased availability of data.
4. What are the limitations of comprehensive vision datasets with human involvement?,"The limitations of comprehensive vision datasets with human involvement include high cost of human verification, limited size of annotations, and time consuming manual labeling and annotation process."
1. What is the objective of The Florence Project?,The objective of The Florence Project is to develop a foundational vision model that has a diverse range of perceptual capabilities. It aims to encompass spatial hierarchy and semantic granularity.
2. What dataset was used to train Florence-2?,"The dataset used to train Florence-2 is the FLD-5B dataset containing an extensive collection of 126M images paired with 5B comprehensive annotations, which were collected by the Florence data engine."
3. What is the zero-shot capability of Florence-2?,"Florence-2 exhibits remarkable zero-shot capabilities that extend across a wide spectrum of visual tasks such as captioning, object detection, visual grounding and referring segmentation among others."
"1. What is the topic of the paper ""BERT pre-training of image transformers""?","The topic of the paper ""BERT pre-training of image transformers"" is the pre-training of image transformers using BERT."
"2. Who are the authors of the paper ""On the opportunities and risks of foundation models""?","The authors of the paper ""On the opportunities and risks of foundation models"" are Rishi Bommasani, Drew A Hudson, Ehsan Adeli, Russ Altman, Simran Arora, Sydney von Arx, Michael S Bernstein, Jeannette Bohg Bohg"
1. What are few-shot learners?,A. Few-shot learners are models that can quickly adapt to new data or situations with minimal training.
2. What is object detection?,"A. Object detection refers to the process of identifying and locating objects within an image, video, or other visual media."
3. What is end-to-end learning?,A. End-to-end learning is a type of machine learning where the entire model is trained on input data without any intermediate layers or components.
4. What are contrasting cluster assignments?,"A. Contradaptly,"
"1. Who wrote the paper ""Pix2seq: A language modeling framework for object detection""?","Answer: Ting Chen, Saurabh Saxena, Lala Li, David J. Fleet, and Geoffrey Hinton. 4. Who is this paper:"
"1. Who are the authors of ""Masked-attention mask transformer for universal image segmentation""?","Alexander Kirillov, and Rohit Girdhar."
"2. In which year was ""Learning phrase representations using rnn encoder-decoder for statistical machine translation"" published?",2014.
"3. Who are the authors of ""Imagenet: A large-scale hierarchical image database""?","Jia Deng, Wei Dong Dong Jia Dongoodong-"
1. What is the title of the reference on empirical methods in natural language processing?,"Reference: ference on empirical methods in natural language processing (EMNLP), pages 787–798, 2014."
2. Who are the authors of the reference on empirical methods in natural language processing?,"Authors: Alexander Kirillov, Eric Mintun, Nikhila Ravi, Hanzi Mao, Chloe Rolland, Laura Gustafa nd Laura Gustaf Laura Gustaforten, Laura Gustaf1"
1. What is the title of the article?,"A. ""Duerig, and Vittorio Ferrari. The open images dataset v4."""
2. Who are the authors of the article?,"A. Alina Kuznetsova, Hassan Rom, Neil Alldrin, Jasper Uijlings, Ivan Krasp"
1. What is the name of the website that hosts the MNIST dataset?,The name of the website that hosts the MNIST dataset is yann.lecun.com/exdb/mnist.
2. Who are the authors of a research that presents Denoising autoencoder for natural language processing?,The authors:
1. What is the title of the paper?,"The title of the paper is ""Detection""."
2. Who are the authors of the paper?,"The authors of the paper are Tsung-Yi Lin, Michael Maire, Serge Belongie, Lubomir Bourdev, Ross Girshick, James Hays, Pietro Perona, Deva Ramanan, C Lawrence Zitnick, and Piotr"
"1. What is the title of the paper in which authors Shilong Liu, Zhaoyang Zeng, Tianhe Ren, Feng Li, Hao Zhang, Jie Yang, Chunyuan Li, Jianwei Yang, Hang Su, Jun Zhu present their work?",Grounding Grounding Grounding Grounding Grounding dino: Grounding in Computer Vision and what is the authors in Grounding on Computer Vision and they worked on Computer Vision and what is itr: Grounding
1. What is the title of the paper?,Answer: BEiT v2: Masked image modeling with vectorquantized visual tokenizers.
2. Who are the authors of the paper?,"Answer: Zhiliang Peng, Wenhui Wang, Li Dong, Yaru Hao, Shaohan Huang, Shuming Ma, and Furu Wei Wei"
1. What is Deepspeed?,"a) A system optimizations enable training deep learning models with over 100 billion parameters. It was published in Proceedings of the 26th ACM SIGKDD International Conference on Knowledge Discovery & Data Mining, pages 3505–3506, 2020."
2. What is Laion400m?,a) An open dataset of clipAn open dataset of clip   a)
1. What is the title of the paper by Abhinav Gupta?,Answer: Revisiting unreasonable effectiveness of data in deep learning era
"1. Who are the authors of the paper ""A new foundation model for computer vision""?","Answer: Xiyang Dai, Jianfeng Gao, Houdong Hu, Xuedong Huang, Boxin Li, Chunyuan Li, Ce Liu, Meng"
"1. What is the name of the dataset used in the paper titled ""Scene parsing through ade20k dataset""?","Answer: The name of the dataset used in the paper titled ""Scene parsing through ade20k dataset"" is ade20k."
"2. What was the main focus of the paper titled ""Seqtr: A simple yet universal network for visual grounding""?","Answer: The main focus of the paper titled ""Seqtr: A simple yet universal network for visual grounding"" was to extracting"" was to improve the authors was to the main focus on European Conference on European Conference on Scene"" was to provide a simple yet universal network"" was to study, Chaoy"" was to note (S"" was on Europe"
"1. What is the input for Image, text?","The input for Image, text is an image and corresponding text."
2. What is the task of Text-Phrase-Region?,The task of Text-Phrase-Region is Phrase grounding.
3. What is the dataset used for Paragraph caption?,The dataset used for Paragraph caption is Stanford Paragraph Caption.
4. What is the task of Dense region caption?,The task of Dense region caption is Text detection and recognition.
5. What is the output format of Phrase Grounding?,The output format of
1. What are the sizes of the models in table 15?,"1. The sizes of the models in table 15 are [8, 16, 32, 64]."
2. How many examples of annotations are there in FLD-5B?,1. There are 20 examples of annotations in FLD-5B.
3. What is the quote by Albert Einstein?,"1. The quote by Albert Einstein is ""if you can't explain it simply, it simply, it simply, it simply, it simply, it simply, simply, you don'"
Q: What is shown in the image?,"A: The image shows a room with a window and a wooden deck in a backyard surrounded by a wooden fence, with several potted plants and trees in the background. There is also a red brick building on the left side of the deck and a small garden and shed on the right side."
Q: What is the expression on the physicist's face?,A: The physicist has a serious expression on his face.
Q: Is the background blurred?,"A: Yes, the background is blurred."
Q: What quote is accompanied by the image?,"A: The quote that is accompanied by the image is ""if you can't explain it simply, you don't understand it well enough."" Einstein"
Q: What is in the room with the window?,A: There is shown sitting in the background (1
1. What is the image of?,"It depicts a close up of a flower in grass with purple flowers in foreground, and few plants in background."
2. Where are cows grazing in the book's photograph?,They are grazing in a field with a blue sky in the background.
3. What color is the netball ball held by the man in the gymnasium?,It is green.
4. How many women are standing next to the man holding the netball ball?,"Two women are standing next to him, one wearing a black jacket and the other wearing a blue jacket."
1. What is the image of?,The image is of four people wearing jackets and smiling.
2. How many people are in the image?,There are four people in the image.
3. What color are their jackets?,One person is wearing a black jacket and the other three are wearing blue jackets.
4. Are they happy?,"Yes, all four people appear to be happy based on their smiles."
5. What is the background of the image?,The background shows a yellow wall and a blue net.
6. Is there any text in the image?,"No, there is no visible text in the image."
7. What is the overall composition of the image?,The image has a balanced composition with all four people evenly distributed.
1. What is shown in the image?,"The image shows a hand-drawn illustration of a glass of gin and tonic. The glass is filled with ice cubes, lime slices, a slice of lemon, and a straw. The background is a light green color with a grungy texture. On the right side of the image, there is a list of ingredients written in black ink. The text reads ""Gin & Tonic"" and ""2oz gin, 5oz tonic water, 2-4 ice cubes lime slice for garnish""."
2. What are the ingredients of the gin and tonic?,"The ingredients of the gin and tonic shown in the image are 2oz gin, 5oz tonic water, 2-4 ice cubes, and a lime slice for garnish."
1. What is the image showing?,The image shows the interior of a grocery store with a large variety of fruits and vegetables on display.
2. How does the store look?,"The store has a high ceiling with green and white striped awnings, and the floor is made of wood. The overall atmosphere of the store is bright and colorful, with a sense of freshness and abundance."
3. What are the rows filled with?,"The rows are filled with wooden crates containing different types of fruits such as apples, oranges, lemons, limes, and limes. There are also price tags attached to each crate."
4. What is in the background?,"In the background, there are shelves stocked with various items such as fruits, vegetables, and other grocery items."
5. Is this image a movie poster?,"Yes, this is a movie poster for the film ""Harry Potter and the Sorcerer’s Stone"" starring Ron Weasley."
1. What is the image about?,"The image is of a man looking directly at the camera with a serious expression on his face and holding a jacket with ""Village"" written on it."
2. What is the title of the film?,"The title of the film is written in white text at the top of the poster, with the tagline ""20 years of movie magic"" written in smaller text below."
3. What is the style of the illustration?,The overall style of the illustration is cartoon-like and playful.
4. What are the colors of the plants around the girl?,The plants have green leaves and pink and white flowers.
5. How many butterflies are there in the scene?,There are two butterflies fluttering around the scene.
6. What is the caption about?,"The image shows a group of five cartoon monsters. On the left side, there is a brown monster with hornedemonsteroidmonsteriskyellow monster1 brown monster1brown monster with horns a brown monster1 brown monster with hornedition:"
1. What color are the two smaller monsters?,The two smaller monsters are black and green.
2. How many horns does the black monster have?,The black monster has two large horns on its head.
3. What is the position of the green monster in relation to the others?,The green monster is on the right side of the image.
4. What is the color of the background?,The background is light beige with small green circles scattered around.
5. What is the cluttered room's floor made of?,The cluttered room's floor is black and white checkered.
6. What is on top of the television in the cabinet?,There is a picture frame and a hat on top of the television in the cabinet.
7. How many items are scattered on the floor next to the cabinet?,"Several items, including a red blanket, a wooden stool, and a pile of trash pile of trash pile of trash pile of trash pile of trash pile of trash pile of trash pile of trash pile of trash pile of trash pile of trash pile of trash pile"
1. What is the subject of the image?,The subject of the image is a modern kitchen with a large window on the left side.
2. What is arranged on the white marble countertop?,Various food items are arranged on the white marble countertop.
3. What is next to the salmon in the image?,"Slices of cheese, a glass of oil, coffee beans, and a zucchini are next to the salmon in the image."
4. Is there any chocolate bars in the image?,"Yes, there are dark chocolate bars in the image."
5. What is arranged in a way that suggests they are being prepared for a meal?,The items in the center of the table are arranged in a way that suggests they are being prepared for a meal.
6. Is there any view outside the window?,"Yes, there is has a view of trees and there is shows a view of trees and it shows a view of trees and it has a view of trees and the window has a view of trees and the window1 The image shows a view of trees and that outside the view of trees and the window1 There is has a"
1. What is the prompt for locating Five Alive juice box and Colgate toothpaste in the image?,"The prompt for locating Five Alive juice box and Colgate toothpaste in the image is ""Locate Five Alive juice box"
1. What is the image about?,"The image is a photograph of a handwritten note from a person named Angelica. The note is written in black ink on a white background. The handwriting is neat and legible, and it appears to be a handwritten letter. The person’s name, Jonathan, is written at the top of the note in a cursive font. Below the name, there is a note that reads, ""I’ve got to admit, London’s lights have nothing on our family get together. I miss that, I miss you guys too. Let’s not get too happy about it though I’m keeping my fingers crossed for a trip back stateside. Give a big hug to Amelia for me. Will you?"""
2. What is the message of the image?,"The message of the image is a personal note from someone named Angelica addressed to Jonathan, conveying her feelings about London's lights and expressing her wish to be back in their family get together, giving Amelia a big hug."
1. Who is the sender of the note?,The sender of the note is Angelica.
2. What does the sender miss in her current location?,"The sender, Angelica, misses family gatherings and the feeling of home."
3. Where does the sender currently reside?,It is not explicitly stated where the sender currently resides.
4. What does the sender long for?,The sender longs to return stateside.
5. Who is the recipient of the note?,The recipient of the note is Jonathan.
6. How is the tone of the note?,"The tone of the note is casual and warm, with a sense of fondness and a hint of homesickness."
7. Is the relationship between the sender and the recipients close?,"Yes, the relationship between the sender and the recipients seems to be close based on the informal writing style."
8. What is the content of the letter?,"The letter expresses love and affection for Angelica, and Jonathan is asked to give Amelia a big hug on her behalf."
1. What color is the apple in the image?,Red.
2. What text is on the label of the apple in the image?,"""FUJI 94131 USA"" and a barcode."
3. Does the apple in the image have an organic sticker on it?,"Yes, according to GPT-4Va."
1. What is the apple?,A. Fuji apple with organic sticker from USA
1. What does the image show?,"Answer: A busy highway scene with multiple lanes of traffic, vehicles on the road including a black van and red truck, bridges with cars and trucks on them, blue sky, trees and grass on the right side and a green sign indicating Exit 94 for Chamblee-Tucker Rd and Mercer University is 1 1/4 miles ahead."
2. What are the features of the image that stand out?,"Answer: A black van in the foreground, overpasses with cars and trucks traveling over them, a busy highway, a prominent road sign indicating Exit 94 for Chamblee-Tucker Rd and Mercer University is 1 1/4 miles ahead."
1) What does the sign suggest?,A) That drivers in the right lanes will soon have the opportunity to take the exit to reach these destinations.
2) What is the infrastructure suggesting?,"A) A well-traveled interstate or highway system, possibly in an urban or suburban area given the overpass complexity and road signage for local roads and institutions."
3) What do the vehicles on the road indicate?,A) A mix of commercial and personal transport.
4) What does the image depict?,"A) A busy highway with multiple lanes of traffic, including cars and trucks. There is a large truck driving on the highway, and several other trucks are also visible in the scene. The highway is filled with cars, and there is a traffic sign above the lanes, indicating the direction to Tucker Road."
5) What does MiniGPT-4c suggest?,A) The image shows a highway with multiple lanes of traffic moving in both directions.
1. What are several large bridges spanning the highway in the image?,Several large bridges are spanning the highway in the image.
2. Where is the blue sky located in the image?,"The blue sky is located in the distance, behind the mountains in the image."
3. How many large trucks and cars are on the highway in the image?,"There are several large trucks and cars on the highway in the image, including a black van in the center."
4. What is the road surface like in the image?,The road surface is smooth and well-maintained in the image.
5. What is the detailed caption task?,"The detailed caption task is a comparison with LMMs on detailed image caption tasks, as shown in Figure 19 of the text."
6. What is the result of the detailed caption task for Florence-2?,The detailed caption task for Florence-2 shows an image with a kitchen countertop with a laptop on it
1. What is the main purpose of the image?,"GPT-4Va: The main purpose of the image appears to be a modern kitchen setting where culinary tools are organized neatly on a rack against the wall. These tools include a variety of utensils such as a grater, tongs, a whisk, ladles, and spatulas. On the counter, there is an open laptop with a vibrant blue wallpaper on the screen, which suggests that someone might be using it for a recipe or as entertainment while cooking. In front of the laptop, there appears to be a cutting board with some chopped ingredients and a knife, indicating that food preparation is underway or has recently taken place. There are also some dried chilies and a plastic container that might contain other ingredients or spices, further suggesting cooking activities."
2. What is the material of the countertop?,GPT-4Va: The countertop in the image is made of wood.
3. Is there anything on the wire rack at the bottom of the image?,"GPT-4Va: Unfortunately, I cannot provide information about what is on the wire rack at the bottom of the image as"
1. What is in the storage bins?,A: Additional kitchen supplies are likely stored in the storage bins.
2. Is it a lived-in and practical environment?,"A: Yes, the environment looks lived-in and practical."
3. What is in the wooden kitchen counter?,"A: The laptop computer sits on top of the wooden kitchen counter. It is open and displaying a picture of a cake. Additionally, various kitchen utensils including multiple spoons and knives, as well as a bowl, are cluttered on the counter."
4. What is someone doing with the laptop?,"A: Someone might be using the laptop for cooking or baking purposes, possibly following a recipe or watching a tutorial."
1. What is the main purpose of the image?,The main purpose of the image is to show a modern home office setup with two white desks and two black chairs.
2. How are the desks connected in the image?,"The desks are connected by a white metal frame, creating a functional and stylish workspace."
3. What is placed on the desk on the far left?,A lap top is placed on the desk on the far left.
4. What is visible on the other desk?,A keyboard is visible on the other desk.
5. How many chairs are placed in front of the desks?,Two chairs are placed in front of the desks.
6. What is the position of the chair closer to the left desk on the left desk on the left desk on the left desk on the left desk on the left desk on the left desk?,left desk on the left desk on the left desk on the left desk on the left desk
1. What is on the table?,"There is a bowl of bread, a bowl with a salad, and a plate with a side of yogurt. In addition, there are two cups placed on the table. One cup is located near the left side of the table and the other cup is situated on the right side of the table. The table is set with a fork and a knife, ready for a meal."
2. What is the shape of the basket?,The basket is made of woven straw and has several slices of bread in it.
3. What are some of the vegetables in the salad bowl?,"Some of the vegetables in the salad bowl include lettuce, tomatoes, cucumbers, and feta cheese."
4. Are there any salt or pepper shakers on the table?,"Yes, there are two salt and two salt and two salt and two salt and two salt and two salt and two salt and two salt and two salt and two salt and two salt and salt and two salt and two salt and two salt and two salt and"
1. What is the top right corner of the image?,It is not specified what the top right corner of the image looks like.
2. What is the result from Florence-2?,"The image features a family of elephants walking together in a lush green forest. The elephants are walking in a line, with one of them walking in front of the rest of the family. The family consists of a mother and her two calves, with the mother and the two calves walking side by side. The forest is filled with green trees, adding to the natural beauty of the scene."
3. What is the result from Kosmos-2?,"The image shows a group of three elephants standing in a dirt field with trees and bushes in the background. The elephants1 are standing close together, with the largest elephant in the center and two smaller ones on either side. The largest elephant12 on the left is standing with its trunk3 extended, while the smaller one4 is standing next to"
1. What is the natural habitat in the image?,Answer: The natural habitat in the image is covered in dirt and there is a small pile of dirt in front of it.
2. Can you describe the overall mood of the image?,Answer: The overall mood of the image is peaceful and serene.
3. What are the grounding results from Kosmos-2?,Answer: The grounding results from Kosmos-2 are from https://huggingface.co/spaces/ydshieh/Kosmos-2.
4. Can you provide a comparison of the detailed caption and grounding tasks between Florence-2 and Kosmos-2?,Answer: Both the detailed caption and grounding results are generated by both models.
